https://www.dawn.com/,https://epaper.dawn.com
https://www.dawn.com/,https://www.dawnnews.tv/watch-live
https://www.dawn.com/,https://www.dawnnews.tv
https://www.dawn.com/,https://images.dawn.com
https://www.dawn.com/,https://herald.dawn.com
https://www.dawn.com/,https://aurora.dawn.com
https://www.dawn.com/,https://cityfm89.com
https://www.dawn.com/,https://www.dawn.com/advertise
https://www.dawn.com/,https://educationexpo.dawn.com
https://www.dawn.com/,https://www.dawn.com/events/supplements
https://www.dawn.com/,http://classifieds.dawn.com/
https://www.dawn.com/,https://obituary.dawn.com
https://www.dawn.com/,https://www.dawn.com/
https://www.dawn.com/,https://epaper.dawn.com
https://www.dawn.com/,//www.dawn.com
https://www.dawn.com/,/latest-news
https://www.dawn.com/,https://www.dawn.com/trends/gaza-invasion
https://www.dawn.com/,/pakistan
https://www.dawn.com/,/opinion
https://www.dawn.com/,/business
https://www.dawn.com/,/world
https://www.dawn.com/,/entertainment
https://www.dawn.com/,/prism
https://www.dawn.com/,/sport
https://www.dawn.com/,/magazines
https://www.dawn.com/,/tech
https://www.dawn.com/,/videos
https://www.dawn.com/,/popular
https://www.dawn.com/,/newspaper
https://www.dawn.com/,https://www.dawnrelief.com/
https://www.dawn.com/,//www.dawn.com
https://www.dawn.com/,/latest-news
https://www.dawn.com/,https://www.dawn.com/trends/gaza-invasion
https://www.dawn.com/,/pakistan
https://www.dawn.com/,/opinion
https://www.dawn.com/,/business
https://www.dawn.com/,/world
https://www.dawn.com/,/entertainment
https://www.dawn.com/,/prism
https://www.dawn.com/,/sport
https://www.dawn.com/,/magazines
https://www.dawn.com/,/tech
https://www.dawn.com/,/videos
https://www.dawn.com/,/popular
https://www.dawn.com/,/newspaper
https://www.dawn.com/,https://www.dawnrelief.com/
https://www.dawn.com/,/live/elections-2024#1822566
https://www.dawn.com/,/live/elections-2024#1822564
https://www.dawn.com/,/live/elections-2024#1822561
https://www.dawn.com/,https://www.dawn.com/live/gaza-invasion
https://www.dawn.com/,https://www.dawn.com/live/gaza-invasion
https://www.dawn.com/,https://www.dawn.com/news/1832948/uae-hits-out-at-netanyahu-for-saying-it-may-help-run-gaza
https://www.dawn.com/,https://www.dawn.com/news/1833008/adoption-of-palestine-resolution-to-put-pressure-on-us-munir-akram
https://www.dawn.com/,https://www.dawn.com/news/1833001/washington-says-use-of-its-weapons-by-tel-aviv-in-gaza-violated-law
https://www.dawn.com/,https://www.dawn.com/news/1833056/situation-in-ajk-calms-down-after-2-days-of-violent-clashes
https://www.dawn.com/,https://www.dawn.com/news/1833056/situation-in-ajk-calms-down-after-2-days-of-violent-clashes
https://www.dawn.com/,https://www.dawn.com/news/1833061/heros-welcome-for-hockey-team-in-lahore-after-winning-silver-medal-in-azlan-shah-cup
https://www.dawn.com/,https://www.dawn.com/news/1833061/heros-welcome-for-hockey-team-in-lahore-after-winning-silver-medal-in-azlan-shah-cup
https://www.dawn.com/,https://www.dawn.com/news/1833053/imf-mission-to-meet-pakistani-authorities-next-week-to-discuss-next-phase-of-engagement-official
https://www.dawn.com/,https://www.dawn.com/news/1833053/imf-mission-to-meet-pakistani-authorities-next-week-to-discuss-next-phase-of-engagement-official
https://www.dawn.com/,https://www.dawn.com/news/1833050/no-such-thing-as-strategic-state-owned-enterprises-says-finance-minister-aurangzeb
https://www.dawn.com/,https://www.dawn.com/news/1833050/no-such-thing-as-strategic-state-owned-enterprises-says-finance-minister-aurangzeb
https://www.dawn.com/,https://www.dawn.com/news/1833052/fight-till-the-last-ball-pcb-chief-tells-cricket-team-in-dublin
https://www.dawn.com/,https://www.dawn.com/news/1833052/fight-till-the-last-ball-pcb-chief-tells-cricket-team-in-dublin
https://www.dawn.com/,https://www.dawn.com/news/1833042/canada-arrests-fourth-indian-national-in-killing-of-sikh-activist
https://www.dawn.com/,https://www.dawn.com/news/1833042/canada-arrests-fourth-indian-national-in-killing-of-sikh-activist
https://www.dawn.com/,https://www.dawn.com/news/1833046/second-night-of-auroras-seen-amid-extreme-solar-storm
https://www.dawn.com/,https://www.dawn.com/news/1833046/second-night-of-auroras-seen-amid-extreme-solar-storm
https://www.dawn.com/,https://www.dawn.com/news/1833000/adb-links-support-with-imfs-clean-chit
https://www.dawn.com/,https://www.dawn.com/news/1833000/adb-links-support-with-imfs-clean-chit
https://www.dawn.com/,https://www.dawn.com/news/1832980/govt-hints-at-raising-wheat-purchase-target
https://www.dawn.com/,https://www.dawn.com/news/1832980/govt-hints-at-raising-wheat-purchase-target
https://www.dawn.com/,/latest-news
https://www.dawn.com/,https://www.youtube.com/c/DawnNewsEnglish
https://www.dawn.com/,https://www.youtube.com/watch?v=UeSr8kxz7kE
https://www.dawn.com/,https://www.youtube.com/watch?v=UeSr8kxz7kE
https://www.dawn.com/,https://www.youtube.com/watch?v=DLnFKstpqSM
https://www.dawn.com/,https://www.youtube.com/watch?v=DLnFKstpqSM
https://www.dawn.com/,https://www.youtube.com/watch?v=ax6GtKBV4o4
https://www.dawn.com/,https://www.youtube.com/watch?v=ax6GtKBV4o4
https://www.dawn.com/,https://www.youtube.com/watch?v=6Y6pv4dgwok
https://www.dawn.com/,https://www.youtube.com/watch?v=6Y6pv4dgwok
https://www.dawn.com/,https://www.youtube.com/watch?v=368pk1LtbvY
https://www.dawn.com/,https://www.youtube.com/watch?v=368pk1LtbvY
https://www.dawn.com/,https://www.youtube.com/watch?v=ZKNxVl6yFyc
https://www.dawn.com/,https://www.youtube.com/watch?v=ZKNxVl6yFyc
https://www.dawn.com/,https://www.youtube.com/watch?v=1j9DKEupIUY
https://www.dawn.com/,https://www.youtube.com/watch?v=1j9DKEupIUY
https://www.dawn.com/,https://www.youtube.com/watch?v=2FbxyFxRHdM
https://www.dawn.com/,https://www.youtube.com/watch?v=2FbxyFxRHdM
https://www.dawn.com/,/must-read
https://www.dawn.com/,https://www.dawn.com/news/1332592
https://www.dawn.com/,https://www.dawn.com/news/1332592
https://www.dawn.com/,https://www.dawn.com/news/1555087/mothers-day-reflections-of-a-mother
https://www.dawn.com/,https://www.dawn.com/news/1555087/mothers-day-reflections-of-a-mother
https://www.dawn.com/,https://www.dawn.com/news/1832981
https://www.dawn.com/,https://www.dawn.com/news/1832981
https://www.dawn.com/,https://www.dawn.com/news/1833021
https://www.dawn.com/,https://www.dawn.com/news/1833021
https://www.dawn.com/,https://www.dawn.com/news/1832983/who-can-rock-the-hybrid-boat
https://www.dawn.com/,https://www.dawn.com/news/1832983/who-can-rock-the-hybrid-boat
https://www.dawn.com/,https://aurora.dawn.com/news/1145113
https://www.dawn.com/,https://aurora.dawn.com/news/1145113
https://www.dawn.com/,https://www.dawn.com/news/1832997/looming-pension-crisis-cries-out-for-corrective-measures
https://www.dawn.com/,https://www.dawn.com/news/1832997/looming-pension-crisis-cries-out-for-corrective-measures
https://www.dawn.com/,https://www.dawn.com/news/1833014
https://www.dawn.com/,https://www.dawn.com/news/1833014
https://www.dawn.com/,https://www.dawn.com/news/1832987
https://www.dawn.com/,https://www.dawn.com/news/1832987
https://www.dawn.com/,https://www.dawn.com/news/1832965/love-knows-no-boundaries-at-karachis-edhi-home-nursery-for-special-children
https://www.dawn.com/,https://www.dawn.com/news/1832965/love-knows-no-boundaries-at-karachis-edhi-home-nursery-for-special-children
https://www.dawn.com/,https://www.dawn.com/news/1832958/documentary-on-dr-aafia-siddiqui-launched-in-karachi
https://www.dawn.com/,https://www.dawn.com/news/1832958/documentary-on-dr-aafia-siddiqui-launched-in-karachi
https://www.dawn.com/,https://www.dawn.com/sponsor-content
https://www.dawn.com/,https://www.dawn.com/news/1833048/to-draw-or-not-to-draw
https://www.dawn.com/,https://www.dawn.com/news/1833048/to-draw-or-not-to-draw
https://www.dawn.com/,https://www.dawn.com/news/1831567
https://www.dawn.com/,https://www.dawn.com/news/1831567
https://www.dawn.com/,https://www.dawn.com/authors/9835/nadir-guramani
https://www.dawn.com/,https://www.dawn.com/authors/2617/jamil-nagri
https://www.dawn.com/,https://www.dawn.com/authors/934/tariq-naqash
https://www.dawn.com/,https://www.dawn.com/authors/1521/zahoor
https://www.dawn.com/,https://www.dawn.com/authors/262/iftikhar-a-khan
https://www.dawn.com/,https://www.dawn.com/news/1832658/pakistans-icube-qamar-beams-back-first-images-from-moons-orbit
https://www.dawn.com/,/pakistan
https://www.dawn.com/,https://www.dawn.com/news/1832658/pakistans-icube-qamar-beams-back-first-images-from-moons-orbit
https://www.dawn.com/,https://www.dawn.com/news/1832750/ruling-coalition-loses-27-reserved-seats-in-punjab
https://www.dawn.com/,/pakistan
https://www.dawn.com/,https://www.dawn.com/news/1832750/ruling-coalition-loses-27-reserved-seats-in-punjab
https://www.dawn.com/,https://www.dawn.com/news/1832796/pia-staff-forgets-to-put-boys-body-on-plane
https://www.dawn.com/,/pakistan
https://www.dawn.com/,https://www.dawn.com/news/1832796/pia-staff-forgets-to-put-boys-body-on-plane
https://www.dawn.com/,https://www.dawn.com/news/1832699/downside-risks-for-pakistan-remain-exceptionally-high-imf
https://www.dawn.com/,/business
https://www.dawn.com/,https://www.dawn.com/news/1832699/downside-risks-for-pakistan-remain-exceptionally-high-imf
https://www.dawn.com/,https://www.dawn.com/news/1832670/pakistan-remain-unbeaten-in-azlan-shah-cup-as-match-with-new-zealand-ends-in-tie
https://www.dawn.com/,/sport
https://www.dawn.com/,https://www.dawn.com/news/1832670/pakistan-remain-unbeaten-in-azlan-shah-cup-as-match-with-new-zealand-ends-in-tie
https://www.dawn.com/,/opinion
https://www.dawn.com/,https://www.dawn.com/news/1832983/who-can-rock-the-hybrid-boat
https://www.dawn.com/,https://www.dawn.com/news/1832983/who-can-rock-the-hybrid-boat
https://www.dawn.com/,https://www.dawn.com/authors/112/abbas-nasir
https://www.dawn.com/,https://www.dawn.com/news/1832982/insurgency-and-social-change
https://www.dawn.com/,https://www.dawn.com/news/1832982/insurgency-and-social-change
https://www.dawn.com/,https://www.dawn.com/authors/363/muhammad-amir-rana
https://www.dawn.com/,https://www.dawn.com/news/1832981/indian-elections
https://www.dawn.com/,https://www.dawn.com/news/1832981/indian-elections
https://www.dawn.com/,https://www.dawn.com/authors/9600/aizaz-ahmad-chaudhry
https://www.dawn.com/,https://www.dawn.com/news/1832979/overflowing-cups
https://www.dawn.com/,https://www.dawn.com/news/1832979/overflowing-cups
https://www.dawn.com/,https://www.dawn.com/authors/1320/muna-khan
https://www.dawn.com/,https://www.dawn.com/news/1832832/the-lethal-troika
https://www.dawn.com/,https://www.dawn.com/news/1832832/the-lethal-troika
https://www.dawn.com/,https://www.dawn.com/authors/3134/tariq-parvez
https://www.dawn.com/,/newspaper/editorial
https://www.dawn.com/,https://www.dawn.com/news/1832987/a-turbulent-2023
https://www.dawn.com/,https://www.dawn.com/news/1832986/a-moral-victory
https://www.dawn.com/,https://www.dawn.com/news/1832984/hope-after-defeat
https://www.dawn.com/,https://www.dawn.com/news/1832985/cartoon-12-may-2024
https://www.dawn.com/,https://www.dawn.com/authors/3134/tariq-parvez
https://www.dawn.com/,https://www.dawn.com/news/1832832/the-lethal-troika
https://www.dawn.com/,https://www.dawn.com/authors/675/khurram-husain
https://www.dawn.com/,https://www.dawn.com/news/1832368/the-net-metering-dead-end
https://www.dawn.com/,https://www.dawn.com/authors/815/reema-omer
https://www.dawn.com/,https://www.dawn.com/news/1832831/an-inclusive-judiciary
https://www.dawn.com/,https://www.dawn.com/authors/5582/sahar-bandial
https://www.dawn.com/,https://www.dawn.com/news/1832829/child-marriages
https://www.dawn.com/,https://www.dawn.com/authors/568/faisal-bari
https://www.dawn.com/,https://www.dawn.com/news/1832621/education-emergency
https://www.dawn.com/,https://www.dawn.com/authors/2112/mohammad-ali-babakhel
https://www.dawn.com/,https://www.dawn.com/news/1832830/street-safety
https://www.dawn.com/,/business
https://www.dawn.com/,https://www.dawn.com/news/1833053/imf-mission-to-meet-pakistani-authorities-next-week-to-discuss-next-phase-of-engagement-official
https://www.dawn.com/,https://www.dawn.com/news/1833053/imf-mission-to-meet-pakistani-authorities-next-week-to-discuss-next-phase-of-engagement-official
https://www.dawn.com/,https://www.dawn.com/news/1833050/no-such-thing-as-strategic-state-owned-enterprises-says-finance-minister-aurangzeb
https://www.dawn.com/,https://www.dawn.com/news/1833050/no-such-thing-as-strategic-state-owned-enterprises-says-finance-minister-aurangzeb
https://www.dawn.com/,https://www.dawn.com/news/1833000/adb-links-support-with-imfs-clean-chit
https://www.dawn.com/,https://www.dawn.com/news/1833000/adb-links-support-with-imfs-clean-chit
https://www.dawn.com/,https://www.dawn.com/news/1832993/areas-of-cooperation-with-saudi-arabia-identified-pm-shehbaz
https://www.dawn.com/,https://www.dawn.com/news/1832993/areas-of-cooperation-with-saudi-arabia-identified-pm-shehbaz
https://www.dawn.com/,https://www.dawn.com/news/1832994
https://www.dawn.com/,https://www.dawn.com/news/1832994
https://www.dawn.com/,https://www.dawn.com/news/1832999/exports-to-europe-fall-despite-gsp
https://www.dawn.com/,https://www.dawn.com/news/1832999/exports-to-europe-fall-despite-gsp
https://www.dawn.com/,/sport
https://www.dawn.com/,https://www.dawn.com/news/1833061/heros-welcome-for-hockey-team-in-lahore-after-winning-silver-medal-in-azlan-shah-cup
https://www.dawn.com/,https://www.dawn.com/news/1833061/heros-welcome-for-hockey-team-in-lahore-after-winning-silver-medal-in-azlan-shah-cup
https://www.dawn.com/,https://www.dawn.com/news/1833052/fight-till-the-last-ball-pcb-chief-tells-cricket-team-in-dublin
https://www.dawn.com/,https://www.dawn.com/news/1833052/fight-till-the-last-ball-pcb-chief-tells-cricket-team-in-dublin
https://www.dawn.com/,https://www.dawn.com/news/1833021
https://www.dawn.com/,https://www.dawn.com/news/1833021
https://www.dawn.com/,https://www.dawn.com/news/1832946/bednarek-storms-to-200m-triumph-in-doha-neeraj-chopra-falls-short
https://www.dawn.com/,https://www.dawn.com/news/1832946/bednarek-storms-to-200m-triumph-in-doha-neeraj-chopra-falls-short
https://www.dawn.com/,https://www.dawn.com/news/1832928/real-madrid-eagerly-awaits-mbappe-after-psg-exit-confirmed
https://www.dawn.com/,https://www.dawn.com/news/1832928/real-madrid-eagerly-awaits-mbappe-after-psg-exit-confirmed
https://www.dawn.com/,https://www.dawn.com/news/1832945/djokovic-bottle-strike-overshadows-rome-open-cruise-past-moutet
https://www.dawn.com/,https://www.dawn.com/news/1832945/djokovic-bottle-strike-overshadows-rome-open-cruise-past-moutet
https://www.dawn.com/,/world
https://www.dawn.com/,https://www.dawn.com/news/1833046/second-night-of-auroras-seen-amid-extreme-solar-storm
https://www.dawn.com/,https://www.dawn.com/news/1833046/second-night-of-auroras-seen-amid-extreme-solar-storm
https://www.dawn.com/,https://www.dawn.com/news/1833042/canada-arrests-fourth-indian-national-in-killing-of-sikh-activist
https://www.dawn.com/,https://www.dawn.com/news/1833042/canada-arrests-fourth-indian-national-in-killing-of-sikh-activist
https://www.dawn.com/,https://www.dawn.com/news/1832947/israel-orders-palestinians-to-evacuate-from-more-areas-of-rafah
https://www.dawn.com/,https://www.dawn.com/news/1832947/israel-orders-palestinians-to-evacuate-from-more-areas-of-rafah
https://www.dawn.com/,https://www.dawn.com/news/1832948/uae-hits-out-at-netanyahu-for-saying-it-may-help-run-gaza
https://www.dawn.com/,https://www.dawn.com/news/1832948/uae-hits-out-at-netanyahu-for-saying-it-may-help-run-gaza
https://www.dawn.com/,https://www.dawn.com/news/1833001/washington-says-use-of-its-weapons-by-tel-aviv-in-gaza-violated-law
https://www.dawn.com/,https://www.dawn.com/news/1833001/washington-says-use-of-its-weapons-by-tel-aviv-in-gaza-violated-law
https://www.dawn.com/,https://www.dawn.com/news/1833009/delhi-cm-kejriwal-exhorts-indians-to-resist-dictatorship
https://www.dawn.com/,https://www.dawn.com/news/1833009/delhi-cm-kejriwal-exhorts-indians-to-resist-dictatorship
https://www.dawn.com/,https://images.dawn.com
https://www.dawn.com/,https://images.dawn.com/news/1192429/men-must-take-the-lead-in-standing-up-against-sexual-harassment-says-hamza-ali-abbasi
https://www.dawn.com/,https://images.dawn.com/news/1192429/men-must-take-the-lead-in-standing-up-against-sexual-harassment-says-hamza-ali-abbasi
https://www.dawn.com/,https://www.dawn.com/authors/5777/images-staff
https://www.dawn.com/,https://images.dawn.com/news/1192428/we-asked-moms-what-they-really-want-for-mothers-day-and-no-it-isnt-a-kurta-or-a-candle
https://www.dawn.com/,https://images.dawn.com/news/1192428/we-asked-moms-what-they-really-want-for-mothers-day-and-no-it-isnt-a-kurta-or-a-candle
https://www.dawn.com/,https://www.dawn.com/authors/10857/mashael-shah
https://www.dawn.com/,https://images.dawn.com/news/1192427/going-loco-for-local-jugnus-chief-saab-candle-is-the-ultimate-karachi-kid-nostalgia
https://www.dawn.com/,https://images.dawn.com/news/1192427/going-loco-for-local-jugnus-chief-saab-candle-is-the-ultimate-karachi-kid-nostalgia
https://www.dawn.com/,https://www.dawn.com/authors/9236/siham-basir
https://www.dawn.com/,/prism
https://www.dawn.com/,https://www.dawn.com/news/1823323/fistula-and-child-marriages-the-two-epidemics-plaguing-women-in-gilgit-baltistan
https://www.dawn.com/,https://www.dawn.com/news/1823323/fistula-and-child-marriages-the-two-epidemics-plaguing-women-in-gilgit-baltistan
https://www.dawn.com/,https://www.dawn.com/authors/10965/shereen-karim
https://www.dawn.com/,https://www.dawn.com/news/1828987/2024-elections-whats-at-stake-for-indias-minorities
https://www.dawn.com/,https://www.dawn.com/news/1828987/2024-elections-whats-at-stake-for-indias-minorities
https://www.dawn.com/,https://www.dawn.com/authors/11014/sajjad-hassan
https://www.dawn.com/,https://www.dawn.com/news/1829562/from-screens-to-streets-how-gen-z-is-disrupting-the-status-quo-and-redefining-activism
https://www.dawn.com/,https://www.dawn.com/news/1829562/from-screens-to-streets-how-gen-z-is-disrupting-the-status-quo-and-redefining-activism
https://www.dawn.com/,https://www.dawn.com/authors/5119/uzair-m-younus
https://www.dawn.com/,/tech
https://www.dawn.com/,https://www.dawn.com/news/1833005/art-group-employs-brainwaves-ai-to-recreate-landscapes
https://www.dawn.com/,https://www.dawn.com/news/1833005/art-group-employs-brainwaves-ai-to-recreate-landscapes
https://www.dawn.com/,https://www.dawn.com/authors/119/afp
https://www.dawn.com/,https://www.dawn.com/news/1832658/pakistans-icube-qamar-beams-back-first-images-from-moons-orbit
https://www.dawn.com/,https://www.dawn.com/news/1832658/pakistans-icube-qamar-beams-back-first-images-from-moons-orbit
https://www.dawn.com/,https://www.dawn.com/authors/9835/nadir-guramani
https://www.dawn.com/,https://www.dawn.com/news/1831980/people-with-two-copies-of-a-risk-gene-have-genetic-form-of-alzheimers-say-scientists
https://www.dawn.com/,https://www.dawn.com/news/1831980/people-with-two-copies-of-a-risk-gene-have-genetic-form-of-alzheimers-say-scientists
https://www.dawn.com/,https://www.dawn.com/authors/422/reuters
https://www.dawn.com/,/magazines/eos
https://www.dawn.com/,https://www.dawn.com/news/1833021/fifas-foul-on-pakistan-football
https://www.dawn.com/,https://www.dawn.com/news/1833021/fifas-foul-on-pakistan-football
https://www.dawn.com/,https://www.dawn.com/authors/943/umaid-wasim
https://www.dawn.com/,https://www.dawn.com/news/1833020/essay-were-ready-for-your-close-up-now
https://www.dawn.com/,https://www.dawn.com/news/1833020/essay-were-ready-for-your-close-up-now
https://www.dawn.com/,https://www.dawn.com/authors/9288/neha-maqsood
https://www.dawn.com/,https://www.dawn.com/news/1833019/football-girls-kicking-mountains
https://www.dawn.com/,https://www.dawn.com/news/1833019/football-girls-kicking-mountains
https://www.dawn.com/,https://www.dawn.com/authors/9361/somaiyah-hafeez
https://www.dawn.com/,/magazines/icon
https://www.dawn.com/,https://www.dawn.com/news/1832575/style-all-about-my-mother
https://www.dawn.com/,https://www.dawn.com/news/1832575/style-all-about-my-mother
https://www.dawn.com/,https://www.dawn.com/authors/1245/maliha-rehman
https://www.dawn.com/,https://www.dawn.com/news/1832572/soundscape-and-now-ai-music
https://www.dawn.com/,https://www.dawn.com/news/1832572/soundscape-and-now-ai-music
https://www.dawn.com/,https://www.dawn.com/authors/11037/oliver-bown
https://www.dawn.com/,https://www.dawn.com/news/1832574/the-grapevine
https://www.dawn.com/,https://www.dawn.com/news/1832574/the-grapevine
https://www.dawn.com/,https://www.dawn.com/authors/1734/pyt
https://www.dawn.com/,/newspaper/business-finance
https://www.dawn.com/,https://www.dawn.com/news/1831798/packaging-film-sector-on-the-rise
https://www.dawn.com/,https://www.dawn.com/news/1831798/packaging-film-sector-on-the-rise
https://www.dawn.com/,https://www.dawn.com/news/1831797/tax-reforms-easier-than-expected
https://www.dawn.com/,https://www.dawn.com/news/1831796/wheats-tricky-procurement
https://www.dawn.com/,/magazines/young-world
https://www.dawn.com/,https://www.dawn.com/news/1832758/echoes-of-love
https://www.dawn.com/,https://www.dawn.com/news/1832758/echoes-of-love
https://www.dawn.com/,https://www.dawn.com/news/1832757/mailbox
https://www.dawn.com/,https://www.dawn.com/news/1832756/mothers-day-a-letter-to-my-mum
https://www.dawn.com/,https://aurora.dawn.com
https://www.dawn.com/,https://aurora.dawn.com/news/1145113
https://www.dawn.com/,https://aurora.dawn.com/news/1145113
https://www.dawn.com/,https://aurora.dawn.com/news/1145109/the-agrarian-thespian
https://www.dawn.com/,https://aurora.dawn.com/news/1145073/incentivising-agri-financing
https://www.dawn.com/,https://www.chinadaily.com.cn/a/202405/12/WS66400d88a31082fc043c69eb.html
https://www.dawn.com/,https://www.chinadaily.com.cn/a/202405/11/WS663f2b3ba31082fc043c6995.html
https://www.dawn.com/,https://www.chinadaily.com.cn/a/202405/11/WS663f1a07a31082fc043c696d.html
https://www.dawn.com/,https://asianews.network/
https://www.dawn.com/,https://www.chinadaily.com.cn/a/202405/12/WS66400d88a31082fc043c69eb.html
https://www.dawn.com/,https://www.chinadaily.com.cn/a/202405/11/WS663f2b3ba31082fc043c6995.html
https://www.dawn.com/,https://www.chinadaily.com.cn/a/202405/11/WS663f1a07a31082fc043c696d.html
https://www.dawn.com/,https://asianews.network/
https://www.dawn.com/,https://www.dawn.com/
https://www.dawn.com/,https://www.compunode.com/
https://www.dawn.com/,https://www.dawn.com
https://www.dawn.com/,https://whatsapp.com/channel/0029VaMc238IiRov8okfYy3n
https://www.dawn.com/,https://twitter.com/dawn_com
https://www.dawn.com/,https://www.facebook.com/dawndotcom
https://www.dawn.com/,https://www.instagram.com/dawn.today/
https://www.dawn.com/,https://itunes.apple.com/pk/app/dawn-official-mobile-app/id935631940
https://www.dawn.com/,https://play.google.com/store/apps/details?id=com.mictronicx.dawn
https://www.dawn.com/,https://appgallery.huawei.com/#/app/C104007373
https://www.dawn.com/,/contact
https://www.dawn.com/,/terms
https://www.dawn.com/,/reproduction-copyrights
https://www.dawn.com/,/contribution-guidelines
https://www.dawn.com/,/privacy
https://www.dawn.com/,/comments-policy
https://www.dawn.com/,/code-of-ethics
https://www.dawn.com/,/subscription
https://www.dawn.com/,/marketing
https://www.dawn.com/,/sponsor-content
https://www.dawn.com/,https://classifieds.dawn.com
https://www.dawn.com/,https://obituary.dawn.com
https://www.dawn.com/,/prayers-timings
https://www.dawn.com/,/stocks
https://www.dawn.com/,/weather
https://www.dawn.com/,/
https://www.dawn.com/,https://herald.dawn.com
https://www.dawn.com/,https://aurora.dawn.com
https://www.dawn.com/,/prism
https://www.dawn.com/,https://www.dawnnews.tv/
https://www.dawn.com/,https://images.dawn.com
https://www.dawn.com/,/magazines
https://www.dawn.com/,https://cityfm89.com
https://www.dawn.com/,https://www.youtube.com/channel/UCkMdI0K-74jAjOmh5J5H97Q
https://www.bbc.com/,/
https://www.bbc.com/,/
https://www.bbc.com/,/news
https://www.bbc.com/,/sport
https://www.bbc.com/,/business
https://www.bbc.com/,/innovation
https://www.bbc.com/,/culture
https://www.bbc.com/,/travel
https://www.bbc.com/,/future-planet
https://www.bbc.com/,/video
https://www.bbc.com/,/live
https://www.bbc.com/,/home
https://www.bbc.com/,/news
https://www.bbc.com/,/news/topics/c2vdnvdg6xxt
https://www.bbc.com/,/news/war-in-ukraine
https://www.bbc.com/,/news/topics/ce483qevngqt
https://www.bbc.com/,/news/us-canada
https://www.bbc.com/,/news/uk
https://www.bbc.com/,/news/politics
https://www.bbc.com/,/news/england
https://www.bbc.com/,/news/northern_ireland
https://www.bbc.com/,/news/northern_ireland/northern_ireland_politics
https://www.bbc.com/,/news/scotland
https://www.bbc.com/,/news/scotland/scotland_politics
https://www.bbc.com/,/news/wales
https://www.bbc.com/,/news/wales/wales_politics
https://www.bbc.com/,/news/world/africa
https://www.bbc.com/,/news/world/asia
https://www.bbc.com/,/news/world/asia/china
https://www.bbc.com/,/news/world/asia/india
https://www.bbc.com/,/news/world/australia
https://www.bbc.com/,/news/world/europe
https://www.bbc.com/,/news/world/latin_america
https://www.bbc.com/,/news/world/middle_east
https://www.bbc.com/,/news/in_pictures
https://www.bbc.com/,/news/reality_check
https://www.bbc.com/,/sport
https://www.bbc.com/,/business
https://www.bbc.com/,/business/future-of-business
https://www.bbc.com/,/business/technology-of-business
https://www.bbc.com/,/business/c-suite
https://www.bbc.com/,/innovation
https://www.bbc.com/,/innovation/technology
https://www.bbc.com/,/innovation/science
https://www.bbc.com/,/innovation/artificial-intelligence
https://www.bbc.com/,/culture
https://www.bbc.com/,/culture/film-tv
https://www.bbc.com/,/culture/music
https://www.bbc.com/,/culture/art
https://www.bbc.com/,/culture/style
https://www.bbc.com/,/culture/books
https://www.bbc.com/,/culture/entertainment-news
https://www.bbc.com/,/travel
https://www.bbc.com/,/travel/destinations
https://www.bbc.com/,/travel/destinations/africa
https://www.bbc.com/,/travel/destinations/antarctica
https://www.bbc.com/,/travel/destinations/asia
https://www.bbc.com/,/travel/destinations/australia-and-pacific
https://www.bbc.com/,/travel/destinations/caribbean
https://www.bbc.com/,/travel/destinations/central-america
https://www.bbc.com/,/travel/destinations/europe
https://www.bbc.com/,/travel/destinations/middle-east
https://www.bbc.com/,/travel/destinations/north-america
https://www.bbc.com/,/travel/destinations/south-america
https://www.bbc.com/,/travel/worlds-table
https://www.bbc.com/,/travel/cultural-experiences
https://www.bbc.com/,/travel/adventures
https://www.bbc.com/,/travel/specialist
https://www.bbc.com/,/future-planet
https://www.bbc.com/,/future-planet/natural-wonders
https://www.bbc.com/,/future-planet/weather-science
https://www.bbc.com/,/future-planet/solutions
https://www.bbc.com/,/future-planet/sustainable-business
https://www.bbc.com/,/future-planet/green-living
https://www.bbc.com/,/video
https://www.bbc.com/,/live
https://www.bbc.com/,/live/news
https://www.bbc.com/,/live/sport
https://www.bbc.com/,/
https://www.bbc.com/,/sport
https://www.bbc.com/,/video
https://www.bbc.com/,https://www.bbc.co.uk/sounds?src_origin=BBCS_BBC
https://www.bbc.com/,https://www.bbc.com/weather
https://www.bbc.com/,/news/world-europe-68998913
https://www.bbc.com/,/news/uk-politics-68999212
https://www.bbc.com/,/news/world-europe-68998913
https://www.bbc.com/,/news/uk-politics-68999212
https://www.bbc.com/,/news/articles/c72p0xx410xo
https://www.bbc.com/,/news/world-us-canada-68996066
https://www.bbc.com/,/news/world-us-canada-68991796
https://www.bbc.com/,/news/entertainment-arts-17127556
https://www.bbc.com/,/news/world-us-canada-68993672
https://www.bbc.com/,/future/article/20240510-change-6-is-just-the-tip-of-chinas-space-ambitions
https://www.bbc.com/,/news/articles/cv2dy69jm6no
https://www.bbc.com/,/news/articles/cyxepvdewkno
https://www.bbc.com/,/news/articles/crgy7xypwj8o
https://www.bbc.com/,/news/world-africa-68999815
https://www.bbc.com/,/news/world-asia-india-68767574
https://www.bbc.com/,/news/world-asia-china-68982645
https://www.bbc.com/,/news/articles/crgy7xypwj8o
https://www.bbc.com/,/news/articles/c4n1l9g2wn9o
https://www.bbc.com/,/news/world-asia-india-68968593
https://www.bbc.com/,/news/articles/cg67w73nxqxo
https://www.bbc.com/,/news/world-africa-68999815
https://www.bbc.com/,/news/uk-68994265
https://www.bbc.com/,/news/world-europe-68994908
https://www.bbc.com/,/reel/video/p0hwrqms/a-visit-to-one-of-antarctica-s-stunning-penguin-colonies
https://www.bbc.com/,/news/world-us-canada-68994032
https://www.bbc.com/,/news/world-us-canada-68987628
https://www.bbc.com/,/news/videos/cnl4nrl5qlro
https://www.bbc.com/,/news/business-68977522
https://www.bbc.com/,/news/in-pictures-68995685
https://www.bbc.com/,/news/uk-politics-68999212
https://www.bbc.com/,/news/uk-68998809
https://www.bbc.com/,/news/world-middle-east-68998654
https://www.bbc.com/,/news/articles/cer3mr09vzxo
https://www.bbc.com/,/news/world-europe-68998913
https://www.bbc.com/,/news/articles/c72p0xx410xo
https://www.bbc.com/,/news/world-europe-68998812
https://www.bbc.com/,/news/world-europe-68994877
https://www.bbc.com/,/news/articles/c4n1l9g2wn9o
https://www.bbc.com/,/news/world-us-canada-68991796
https://www.bbc.com/,/news/world-us-canada-68996066
https://www.bbc.com/,/news/world-us-canada-68996062
https://www.bbc.com/,/news/articles/cyxepvdewkno
https://www.bbc.com/,/news/articles/crgy7xypwj8o
https://www.bbc.com/,/news/articles/c4n1wze72kdo
https://www.bbc.com/,/news/world-asia-68994876
https://www.bbc.com/,/news/science-environment-68991593
https://www.bbc.com/,/news/world-australia-68871869
https://www.bbc.com/,/news/world-australia-68989354
https://www.bbc.com/,/sport/cricket/articles/cne93vemvreo
https://www.bbc.com/,/news/articles/cjq5gky4e5no
https://www.bbc.com/,/news/articles/cll451q4l55o
https://www.bbc.com/,/news/uk-68998810
https://www.bbc.com/,/news/uk-politics-68999212
https://www.bbc.com/,/news/uk-68998809
https://www.bbc.com/,/news/uk-politics-68999212
https://www.bbc.com/,/news/world-middle-east-68998654
https://www.bbc.com/,/news/articles/c51n40vp800o
https://www.bbc.com/,/news/articles/cer3mr09vzxo
https://www.bbc.com/,/news/articles/c4n1jwel080o
https://www.bbc.com/,/news/articles/c51n5lppw8vo
https://www.bbc.com/,/news/articles/cd1353v5p5xo
https://www.bbc.com/,/news/articles/c99z7wwq1lgo
https://www.bbc.com/,https://www.bbc.com/sport/football/live/cn0rndpvx20t?src_origin=BBCS_BBC
https://www.bbc.com/,/news/business-68977522
https://www.bbc.com/,/news/articles/cv2j0v237vko
https://www.bbc.com/,/news/business-68983741
https://www.bbc.com/,/news/articles/cmm3gzz1dj3o
https://www.bbc.com/,/news/articles/cv2j18le9e3o
https://www.bbc.com/,/future/article/20240510-how-sci-fi-writer-jg-ballards-computer-poems-predicted-chatgpt
https://www.bbc.com/,/news/technology-68994263
https://www.bbc.com/,/news/technology-68972855
https://www.bbc.com/,/news/entertainment-arts-17127556
https://www.bbc.com/,/news/articles/c03drw23zewo
https://www.bbc.com/,/news/articles/cv2dy69jm6no
https://www.bbc.com/,https://www.bbc.com/news/live/entertainment-arts-68979346?src_origin=BBCS_BBC
https://www.bbc.com/,/sport/articles/cy63z4zq11jo
https://www.bbc.com/,/sport/articles/c2e0jgl1me9o
https://www.bbc.com/,/sport/tennis/articles/c51n4jej3g7o
https://www.bbc.com/,/sport/athletics/videos/c9wz9xyexk3o
https://www.bbc.com/,https://cloud.email.bbc.com/SignUp10_08?&at_bbc_team=studios&at_medium=display&at_objective=acquisition&at_ptr_type=&at_ptr_name=bbc.comhp&at_format=Module&at_link_origin=homepage&at_campaign=essentiallist&at_campaign_type=owned
https://www.bbc.com/,https://cloud.email.bbc.com/US_Election_Unspun_newsletter_signup?&at_bbc_team=studios&at_medium=display&at_objective=acquisition&at_ptr_type=&at_ptr_name=bbc.comhp&at_format=Module&at_link_origin=homepage&at_campaign=uselectionunspun&at_campaign_type=owned
https://www.bbc.com/,https://cloud.email.bbc.com/InHistory_newsletter_signup?&at_bbc_team=studios&at_medium=display&at_objective=acquisition&at_ptr_type=&at_ptr_name=bbc.comhp&at_format=Module&at_link_origin=homepage&at_campaign=inhistory&at_campaign_type=owned
https://www.bbc.com/,/news/in-pictures-68995685
https://www.bbc.com/,/news/articles/c4n1wze72kdo
https://www.bbc.com/,/news/articles/c4n104z0xklo
https://www.bbc.com/,/news/world-latin-america-68979430
https://www.bbc.com/,/news/articles/c1ej1kk0d88o
https://www.bbc.com/,/news/uk-68994265
https://www.bbc.com/,/news/health-68992772
https://www.bbc.com/,/news/science-environment-68991593
https://www.bbc.com/,/travel/article/20240504-guacachile-a-time-honoured-guacamole-lookalike
https://www.bbc.com/,/travel/article/20240426-from-ancient-egypt-to-roman-britain-brewers-are-reviving-beers-from-the-past
https://www.bbc.com/,/travel/article/20240421-matzah-ball-soup-a-new-take-on-a-jewish-classic
https://www.bbc.com/,/travel/article/20240418-the-ingenious-wines-birthed-from-black-volcanic-craters
https://www.bbc.com/,/travel/article/20240510-an-insiders-guide-to-san-franciscos-mission-district
https://www.bbc.com/,/travel/article/20240510-siquijor-a-paradise-island-with-a-reputation-for-witchcraft
https://www.bbc.com/,/travel/article/20240508-a-solution-for-working-parents-who-want-to-travel
https://www.bbc.com/,/travel/article/20240508-celebrity-chef-alexandre-mazzias-favourite-ways-to-enjoy-marseille-during-the-olympics-and-beyond
https://www.bbc.com/,/
https://www.bbc.com/,https://www.bbc.com/
https://www.bbc.com/,/news
https://www.bbc.com/,/sport
https://www.bbc.com/,/business
https://www.bbc.com/,/innovation
https://www.bbc.com/,/culture
https://www.bbc.com/,/travel
https://www.bbc.com/,/future-planet
https://www.bbc.com/,/video
https://www.bbc.com/,/live
https://www.bbc.com/,https://www.bbc.co.uk/sounds?src_origin=BBCS_BBC
https://www.bbc.com/,https://www.bbc.com/weather
https://www.bbc.com/,https://shop.bbc.com/
https://www.bbc.com/,https://www.bbc.co.uk/usingthebbc/terms
https://www.bbc.com/,https://www.bbc.co.uk/aboutthebbc
https://www.bbc.com/,https://www.bbc.com/usingthebbc/privacy/
https://www.bbc.com/,https://www.bbc.com/usingthebbc/cookies/
https://www.bbc.com/,https://www.bbc.co.uk/accessibility/
https://www.bbc.com/,https://www.bbc.co.uk/contact
https://www.bbc.com/,https://www.bbc.com/advertisingcontact
https://www.bbc.com/,https://www.bbc.com/usingthebbc/cookies/how-can-i-change-my-bbc-cookie-settings/
https://www.bbc.com/,https://www.bbc.com/contact-bbc-com-help
https://www.bbc.com/,https://www.bbc.co.uk/editorialguidelines/guidance/feeds-and-links
